,City,Lat,Lng,Max Temp,Humidity,Cloudiness,Wind Speed,Country,Date
0,Thompson,55.7435,-97.8558,-18.4,63,75,6.91,CA,1612989184
1,Kapaa,22.0752,-159.319,73.4,53,20,11.5,US,1612989184
2,Dinar,38.065,30.1656,42.8,75,0,5.75,TR,1612989376
3,Tuktoyaktuk,69.4541,-133.0374,-27.4,68,20,12.66,CA,1612989184
4,Horta,38.5333,-28.6333,60.8,63,40,26.46,PT,1612989185
5,Saint-Philippe,-21.3585,55.7679,80.6,69,0,4.61,RE,1612989376
6,Anloga,5.7947,0.8973,84.2,84,20,10.36,GH,1612989186
7,Ushuaia,-54.8,-68.3,77.0,27,0,20.71,AR,1612989301
8,Vila Franca do Campo,37.7167,-25.4333,61.0,82,20,18.41,PT,1612989377
9,Verkhoyansk,67.5447,133.385,-21.35,79,2,2.84,RU,1612989180
10,Busselton,-33.65,115.3333,55.0,98,12,6.87,AU,1612989377
11,Assiut,27.181,31.1837,62.6,55,0,9.22,EG,1612989377
12,Rikitea,-23.1203,-134.9692,78.51,75,20,13.44,PF,1612989187
13,Shahrud,36.4182,54.9763,47.43,53,89,1.3,IR,1612989187
14,Hasaki,35.7333,140.8333,41.0,56,0,10.36,JP,1612989094
15,Chokurdakh,70.6333,147.9167,-11.52,89,82,8.77,RU,1612989187
16,Doha,25.2867,51.5333,66.2,82,0,5.75,QA,1612989106
17,Yellowknife,62.456,-114.3525,-7.01,71,20,11.5,CA,1612989188
18,Monforte de Lemos,42.5216,-7.5142,42.01,86,100,4.03,ES,1612989188
19,Avarua,-21.2078,-159.775,84.2,70,20,11.5,CK,1612989188
20,Antalaha,-14.9003,50.2788,77.27,84,100,1.25,MG,1612989188
21,Kruisfontein,-34.0033,24.7314,72.0,88,41,2.42,ZA,1612989189
22,New Norfolk,-42.7826,147.0587,53.01,71,0,2.33,AU,1612989190
23,Banyo,6.75,11.8167,67.69,23,100,4.68,CM,1612989191
24,Poltár,48.4309,19.7941,30.99,71,100,2.55,SK,1612989191
25,Hilo,19.7297,-155.09,73.99,78,90,6.91,US,1612989192
26,Anito,12.4497,125.2886,76.87,89,28,8.41,PH,1612989192
27,Hithadhoo,-0.6,73.0833,81.77,78,49,11.86,MV,1612989192
28,Albany,42.6001,-73.9662,28.99,43,100,1.01,US,1612989193
29,Chengde,40.9725,117.9361,28.74,85,18,0.76,CN,1612989194
30,High Level,58.5169,-117.136,-14.8,70,90,5.75,CA,1612988895
31,Sittwe,20.15,92.9,64.71,64,3,6.69,MM,1612989194
32,East London,-33.0153,27.9116,76.17,87,8,11.88,ZA,1612989195
33,Tsabong,-26.0217,22.401,81.18,45,97,6.26,BW,1612989195
34,Kavaratti,10.5669,72.642,81.09,62,72,6.22,IN,1612989197
35,Butaritari,3.0707,172.7902,81.59,76,100,16.6,KI,1612989197
36,Cape Town,-33.9258,18.4232,71.6,73,0,16.11,ZA,1612989121
37,Guarapari,-20.6667,-40.4975,84.0,69,20,12.66,BR,1612989197
38,Lanigan,51.8501,-105.0344,-18.4,63,100,9.22,CA,1612989197
39,Vaini,-21.2,-175.2,78.8,89,75,9.22,TO,1612989197
40,Mataura,-46.1927,168.8643,50.0,89,100,13.6,NZ,1612989197
41,Vila Velha,-20.3297,-40.2925,84.0,69,20,12.66,BR,1612989197
42,Lebu,-37.6167,-73.65,68.47,67,1,9.06,CL,1612989199
43,Bluff,-46.6,168.3333,53.65,87,100,34.47,NZ,1612989199
44,Kavieng,-2.5744,150.7967,82.2,76,85,8.1,PG,1612989199
45,Port Alfred,-33.5906,26.891,73.99,94,16,1.99,ZA,1612989199
46,Coquimbo,-29.9533,-71.3436,68.0,68,40,10.36,CL,1612989199
47,Southbridge,42.0751,-72.0334,28.99,38,100,6.73,US,1612989199
48,Shenjiamen,29.9576,122.298,50.18,94,100,14.7,CN,1612989200
49,Khatanga,71.9667,102.5,-17.79,84,58,5.28,RU,1612989200
50,Wilson,36.1501,-86.2833,62.6,59,90,4.61,US,1612989200
51,Sumbe,-11.2061,13.8437,77.05,81,72,3.98,AO,1612989200
52,Aklavik,68.2191,-135.0107,-25.6,68,0,3.44,CA,1612989200
53,Souillac,-20.5167,57.5167,78.8,78,75,11.5,MU,1612989200
54,Puerto Ayora,-0.7393,-90.3518,77.0,94,75,1.14,EC,1612989076
55,Yichun,47.7,128.9,2.43,94,86,1.57,CN,1612989202
56,Portland,45.5234,-122.6762,45.0,61,75,3.44,US,1612989156
57,Saint Paul Harbor,57.79,-152.4072,35.6,80,90,18.41,US,1612989203
58,Talnakh,69.4865,88.3972,-13.36,80,79,3.31,RU,1612989203
59,Bethel,41.3712,-73.414,30.99,43,1,4.61,US,1612989203
60,Vardø,70.3705,31.1107,23.0,93,90,33.38,NO,1612989204
61,Cabatuan,10.8794,122.486,74.41,87,73,1.28,PH,1612989204
62,Wanning,18.8003,110.3967,60.48,87,15,9.53,CN,1612988968
63,Xi'an,34.2583,108.9286,44.01,80,100,4.47,CN,1612989205
64,Machinga,-15.1685,35.3,69.03,97,100,3.65,MW,1612989205
65,Castro,-24.7911,-50.0119,67.06,88,20,7.34,BR,1612989205
66,Dunga Bunga,29.7493,73.2432,60.46,31,0,4.34,PK,1612989206
67,Punta Arenas,-53.15,-70.9167,68.0,52,0,8.05,CL,1612989151
68,Iqaluit,63.7506,-68.5145,12.2,79,75,3.44,CA,1612989206
69,Bandarbeyla,9.4942,50.8122,74.44,72,64,18.77,SO,1612989207
70,Cherskiy,68.75,161.3,-10.86,85,0,2.95,RU,1612989207
71,Nikolskoye,59.7035,30.7861,8.01,85,20,2.24,RU,1612989208
72,Chui,-33.6971,-53.4616,74.39,77,100,10.98,UY,1612989210
73,Korla,41.7597,86.1469,33.71,77,100,4.83,CN,1612989210
74,Kamenka,51.3223,42.7678,19.99,93,100,7.0,RU,1612989212
75,Krasnogorodskoye,56.8357,28.2822,10.38,96,100,4.09,RU,1612989212
76,Koslan,63.4564,48.8989,-15.57,88,0,2.95,RU,1612989212
77,Polunochnoye,60.8697,60.4153,-22.94,84,0,2.59,RU,1612989213
78,Provideniya,64.3833,-173.3,-9.4,70,0,13.42,RU,1612989213
79,Constitución,-35.3333,-72.4167,68.38,73,27,4.14,CL,1612989213
80,Bredasdorp,-34.5322,20.0403,68.0,77,43,6.91,ZA,1612989213
81,Carnarvon,-24.8667,113.6333,69.8,94,0,21.85,AU,1612989214
82,San Lazaro,18.0387,-88.6622,86.0,65,40,11.5,BZ,1612989215
83,Hermanus,-34.4187,19.2345,69.01,81,2,3.0,ZA,1612989216
84,Beloha,-25.1667,45.05,71.01,81,100,12.3,MG,1612989216
85,San Policarpo,12.1791,125.5072,80.08,84,25,9.69,PH,1612989216
86,Progreso,21.2833,-89.6667,93.2,40,75,11.5,MX,1612989217
87,Mar del Plata,-38.0023,-57.5575,69.8,78,40,17.27,AR,1612989109
88,Moindou,-21.6924,165.677,71.6,94,75,2.3,NC,1612989217
89,Jamestown,42.097,-79.2353,25.0,58,75,4.61,US,1612989044
90,Dhidhdhoo,6.8833,73.1,81.57,62,41,3.47,MV,1612989218
91,Arrondissement d'Arcachon,44.5875,-1.0519,51.8,93,75,2.3,FR,1612989219
92,Okato,-39.2,173.8833,57.99,84,25,1.01,NZ,1612989219
93,Rodolfo Sánchez Taboada,31.7167,-116.5667,63.0,70,0,3.0,MX,1612989170
94,Dikson,73.5069,80.5464,-21.28,88,55,8.41,RU,1612989219
95,Ponta do Sol,32.6667,-17.1,60.01,74,83,1.99,PT,1612989219
96,Karratha,-20.7377,116.8463,84.13,53,0,11.52,AU,1612989220
97,Khartoum,15.5518,32.5324,81.0,24,0,4.61,SD,1612988954
98,Kumul,42.8,93.45,30.06,82,99,7.96,CN,1612989221
99,Roald,62.5833,6.1333,23.0,63,0,10.36,NO,1612989221
100,Vila,42.0304,-8.1588,48.0,93,100,3.0,PT,1612989222
101,Cabo San Lucas,22.8909,-109.9124,77.0,56,1,19.57,MX,1612989142
102,Hofn,64.2539,-15.2082,30.2,93,75,4.61,IS,1612989222
103,Padang,-0.9492,100.3543,75.2,83,40,2.3,ID,1612989085
104,Tefé,-3.3542,-64.7114,89.6,62,40,11.5,BR,1612989223
105,Cedar City,37.6775,-113.0619,51.8,37,75,6.91,US,1612989223
106,Snezhnogorsk,69.1933,33.2531,6.8,92,40,4.47,RU,1612989223
107,Mercedes,-34.6515,-59.4307,82.0,63,38,4.0,AR,1612989223
108,Quelimane,-17.8786,36.8883,78.8,73,20,3.44,MZ,1612989224
109,Ponta Delgada,37.7333,-25.6667,61.0,82,20,18.41,PT,1612989224
110,Mount Isa,-20.7333,139.5,78.8,78,0,5.75,AU,1612989016
111,Ergolding,48.5833,12.1667,21.2,86,75,12.66,DE,1612989225
112,Dongling,41.8144,123.5758,28.4,69,0,8.95,CN,1612989226
113,Hong Kong,22.2855,114.1577,61.0,88,84,5.39,HK,1612988964
114,Dobryanka,58.4619,56.4165,-27.4,75,0,2.24,RU,1612989226
115,San Cristobal,7.7669,-72.225,84.2,58,40,9.22,VE,1612989227
116,Cervo,43.6702,-7.4101,50.0,86,97,6.04,ES,1612989228
117,Opuwo,-18.0607,13.84,69.93,70,100,6.2,NA,1612989229
118,Moose Factory,51.2585,-80.6094,-0.4,65,90,13.8,CA,1612989229
119,Torbay,47.6666,-52.7314,27.0,80,75,14.97,CA,1612989229
120,Bambous Virieux,-20.3428,57.7575,78.8,78,75,11.5,MU,1612989230
121,Ayan,56.45,138.1667,11.98,88,100,13.31,RU,1612989231
122,Maniitsoq,65.4167,-52.9,18.73,86,0,4.12,GL,1612989231
123,Vao,-22.6667,167.4833,76.32,83,18,12.77,NC,1612989231
124,Banff,51.1762,-115.5698,-7.6,54,100,4.61,CA,1612989083
125,Newark,40.7357,-74.1724,35.6,38,75,5.75,US,1612989030
126,Akdepe,42.0551,59.3788,30.2,74,0,6.91,TM,1612989232
127,Patea,-39.7583,174.4833,64.0,95,12,3.0,NZ,1612989233
128,Whitecourt,54.1502,-115.6855,-18.4,32,75,16.11,CA,1612989233
129,Truth or Consequences,33.1284,-107.2528,69.01,13,20,6.91,US,1612989233
130,Sterling,39.0062,-77.4286,39.99,60,90,3.44,US,1612989233
131,Salalah,17.0151,54.0924,77.0,27,0,6.91,OM,1612989234
132,Bālāghāt,21.8,80.1833,61.0,32,0,2.44,IN,1612988952
133,Hobart,-42.8794,147.3294,55.4,71,0,6.91,AU,1612989235
134,Atar,20.5169,-13.0499,69.46,19,0,9.42,MR,1612989235
135,Dimitrovgrad,54.2139,49.6184,6.8,78,90,6.71,RU,1612988960
136,Cap Malheureux,-19.9842,57.6142,77.0,79,42,10.0,MU,1612988977
137,Faya,18.3851,42.4509,55.4,58,0,3.51,SA,1612989236
138,George Town,5.4112,100.3354,82.0,83,20,2.3,MY,1612989069
139,Kuril'sk,45.2333,147.8833,18.19,92,98,10.58,RU,1612989236
140,Narsaq,60.9167,-46.05,33.8,27,20,24.16,GL,1612989237
141,Marsh Harbour,26.5412,-77.0636,75.25,76,81,10.87,BS,1612989237
142,Atuona,-9.8,-139.0333,79.38,76,0,17.85,PF,1612989237
143,Tovarkovo,54.6762,35.9386,1.4,85,79,4.47,RU,1612989238
144,Sinop Province,41.7711,34.8709,47.55,67,29,8.52,TR,1612989238
145,Biak,-0.9131,122.8766,77.56,78,100,0.51,ID,1612989238
146,Kulhudhuffushi,6.6221,73.07,81.39,63,53,3.98,MV,1612989239
147,Airai,-8.9266,125.4092,61.05,100,95,1.25,TL,1612989239
148,Riverton,40.5219,-111.9391,48.0,53,75,4.85,US,1612989239
149,Seddon,-37.8068,144.8916,68.0,88,30,5.75,AU,1612989240
150,Mahanje,-9.9333,35.3333,66.87,96,100,1.95,TZ,1612989240
151,Yulara,-25.2406,130.9889,86.0,58,40,10.36,AU,1612989241
152,Dondo,-19.6094,34.7431,84.2,79,75,12.66,MZ,1612989241
153,Port Blair,11.6667,92.75,75.92,68,6,8.48,IN,1612989186
154,Katsuura,35.1333,140.3,46.4,71,20,9.22,JP,1612989241
155,Trofors,65.5333,13.4063,-4.0,84,0,4.61,NO,1612989241
156,Mabaruma,8.2,-59.7833,79.5,67,29,6.4,GY,1612989242
157,Ilulissat,69.2167,-51.1,15.8,38,1,18.41,GL,1612989243
158,Los Llanos de Aridane,28.6585,-17.9182,66.2,77,75,4.61,ES,1612989244
159,Mahabalipuram,12.6264,80.1722,69.8,83,20,5.44,IN,1612989245
160,Gulfport,30.3674,-89.0928,66.2,94,90,11.5,US,1612989180
161,Sam Phran,13.727,100.2153,77.0,86,35,1.57,TH,1612989245
162,Saint George,37.1041,-113.5841,64.0,31,1,4.61,US,1612989246
163,Mezen',65.8522,44.24,-10.1,90,60,5.66,RU,1612989246
164,Morant Bay,17.8815,-76.4093,84.0,74,20,18.41,JM,1612989247
165,Vozhega,60.4725,40.2213,-8.34,91,100,3.65,RU,1612989247
166,Hokitika,-42.7167,170.9667,57.04,74,41,9.78,NZ,1612989248
167,Arrondissement d'Ajaccio,42.0,8.9167,48.2,87,75,5.75,FR,1612989248
168,Petra,30.3222,35.4793,50.76,48,0,2.08,JO,1612989009
169,Altay,47.8667,88.1167,2.98,75,31,5.01,CN,1612989249
170,Cidreira,-30.1811,-50.2056,75.72,80,79,14.99,BR,1612989250
171,Cabedelo,-6.9811,-34.8339,84.2,70,75,13.8,BR,1612989251
172,Kamloops,50.6665,-120.3192,8.01,43,20,16.11,CA,1612989004
173,Emerald,-23.5333,148.1667,73.4,88,90,10.36,AU,1612989251
174,Bengkulu,-3.8004,102.2655,74.55,88,63,5.06,ID,1612989251
175,Pangody,65.85,74.4859,-22.36,86,100,14.05,RU,1612989252
176,Isangel,-19.55,169.2667,82.4,78,40,4.61,VU,1612989252
177,Flin Flon,54.7682,-101.865,-20.2,52,75,6.91,CA,1612989253
178,Saskylakh,71.9167,114.0833,-21.95,83,0,8.9,RU,1612989253
179,Seoul,37.5683,126.9778,32.0,93,75,1.14,KR,1612989254
180,Cassilândia,-19.1133,-51.7342,84.04,57,68,2.66,BR,1612989254
181,Zimovniki,47.1483,42.4633,41.88,83,100,13.51,RU,1612989254
182,Maltahöhe,-24.8333,16.9833,79.83,37,82,13.09,NA,1612989255
183,Blackwater,-23.5833,148.8833,71.24,82,100,9.71,AU,1612989255
184,Mataram,-8.5833,116.1167,73.4,94,75,2.73,ID,1612989256
185,Ribeira Grande,38.5167,-28.7,60.8,63,40,26.46,PT,1612989256
186,Rafai,4.95,23.9167,72.48,25,98,2.37,CF,1612989256
187,Barrow,71.2906,-156.7887,-25.6,68,1,10.36,US,1612989256
188,Itambacuri,-18.0311,-41.685,75.52,82,61,3.4,BR,1612989257
189,Hohoe,7.1518,0.4736,83.16,59,0,5.61,GH,1612989257
190,Upernavik,72.7868,-56.1549,0.9,92,39,16.73,GL,1612989258
191,Harper,4.375,-7.7169,79.36,86,27,8.03,LR,1612989182
192,Sitka,57.0531,-135.33,21.2,38,1,6.87,US,1612989258
193,Mwene-Ditu,-7.0,23.45,67.86,93,100,2.17,CD,1612989258
194,Yizheng,24.6706,103.4296,37.83,95,0,2.28,CN,1612989258
195,Port Elizabeth,-33.918,25.5701,73.4,94,40,5.75,ZA,1612989259
196,Colesberg,-30.72,25.0972,78.28,29,3,13.53,ZA,1612989259
197,Lüderitz,-26.6481,15.1594,68.34,76,19,6.93,NA,1612989260
198,Demba,-5.51,22.2667,70.63,93,100,1.99,CD,1612989260
199,Luwuk,-0.9516,122.7875,78.75,72,100,1.39,ID,1612989260
200,Chenghai,23.4632,116.768,59.0,94,90,3.96,CN,1612989260
201,Hambantota,6.1241,81.1185,73.11,74,100,16.06,LK,1612989261
202,Kayerkan,69.3497,87.7602,-15.68,80,0,4.79,RU,1612989261
203,Pouembout,-21.1333,164.9,76.91,78,44,5.88,NC,1612989262
204,Balkhash,46.844,74.9804,-1.68,85,92,9.57,KZ,1612989262
205,Vestmannaeyjar,63.4427,-20.2734,41.09,67,86,24.58,IS,1612989262
206,Rassvet,46.8333,40.75,42.67,89,99,11.23,RU,1612989262
207,Mayo,38.8876,-76.5119,37.99,65,90,5.75,US,1612989262
208,Qaanaaq,77.484,-69.3632,4.59,73,100,11.63,GL,1612989262
209,Warrington,53.3925,-2.5802,32.0,86,0,6.91,GB,1612989263
210,Marfino,55.7028,37.3822,7.0,78,75,6.71,RU,1612989263
211,Digha,21.6833,87.55,66.74,83,0,7.99,IN,1612989263
212,Chara,56.9064,118.2631,15.51,91,100,4.32,RU,1612989263
213,Fortuna,40.5982,-124.1573,57.99,71,1,5.37,US,1612989263
214,Lohja,60.2486,24.0653,7.0,89,100,5.01,FI,1612989264
215,Zhigansk,66.7697,123.3711,-19.98,84,30,11.25,RU,1612989264
216,Manbij,36.5281,37.9549,46.4,87,0,7.43,SY,1612989264
217,Pisco,-13.7,-76.2167,77.0,73,75,10.36,PE,1612989264
218,Charcas,23.1333,-101.1167,73.4,20,9,8.08,MX,1612989264
219,Lamu,-2.2717,40.902,78.8,78,20,12.01,KE,1612989265
220,Tasiilaq,65.6145,-37.6368,10.4,52,75,4.61,GL,1612989265
221,Nichinan,31.6,131.3667,46.0,65,100,5.01,JP,1612989266
222,Isabela,6.7085,121.9711,78.13,84,65,1.9,PH,1612989266
223,Kalanchak,46.2562,33.2907,43.45,88,100,3.49,UA,1612989266
224,Asău,46.4333,26.4,36.0,70,84,1.83,RO,1612989266
225,Matozinhos,-19.5578,-44.0814,84.2,78,75,10.36,BR,1612989088
226,Kaeo,-35.1,173.7833,64.0,97,100,4.0,NZ,1612989267
227,Ketchikan,55.3422,-131.6461,21.2,42,1,5.75,US,1612989267
228,Daru,-9.0763,143.2092,78.66,88,100,5.01,PG,1612989267
229,Faanui,-16.4833,-151.75,81.59,70,0,11.21,PF,1612989267
230,Arraial do Cabo,-22.9661,-42.0278,80.6,73,40,9.22,BR,1612989220
231,George Town,5.4112,100.3354,82.0,83,20,2.3,MY,1612989069
232,Syas'stroy,60.1367,32.5691,3.36,94,100,4.5,RU,1612989268
233,Yong’an,39.6957,113.6871,32.27,66,0,3.71,CN,1612989268
234,Biała Podlaska,52.0324,23.1165,16.57,97,100,5.55,PL,1612989143
235,Acapulco de Juárez,16.8634,-99.8901,86.0,58,1,8.05,MX,1612989190
236,Inta,66.0317,60.1659,-18.92,88,100,7.36,RU,1612989268
237,Nome,64.5011,-165.4064,-13.0,53,1,10.36,US,1612989268
238,Port Moresby,-9.4431,147.1797,75.2,94,40,5.75,PG,1612989268
239,Point Fortin,10.1833,-61.6833,84.99,47,55,8.99,TT,1612989112
240,Mvomero,-6.25,38.6667,80.6,83,75,9.22,TZ,1612989269
241,Vaitape,-16.5167,-151.75,81.63,70,0,11.03,PF,1612989269
242,Gryazovets,58.88,40.2525,-6.79,92,14,5.77,RU,1612989269
243,Chumikan,54.7183,135.315,2.34,88,100,18.52,RU,1612989269
244,Pemangkat,1.1667,108.9667,76.32,88,83,7.02,ID,1612989270
245,Mogadouro,41.3403,-6.7119,48.99,80,100,5.01,PT,1612989270
246,Pevek,69.7008,170.3133,-14.33,70,0,1.25,RU,1612989270
247,Celestún,20.8667,-90.4,83.28,57,0,8.21,MX,1612989270
248,Bad Neuenahr-Ahrweiler,50.55,7.1,23.0,89,32,1.01,DE,1612989270
249,Toora-Khem,52.4675,96.11,7.43,91,96,7.61,RU,1612989270
250,Meulaboh,4.1363,96.1285,76.66,89,74,4.47,ID,1612989271
251,Tura,25.5198,90.2201,59.7,46,3,1.9,IN,1612989271
252,Nyurba,63.2842,118.3319,-12.98,89,100,4.14,RU,1612989271
253,Finschhafen,-6.6024,147.8681,81.16,76,100,7.58,PG,1612989271
254,Putina,-15.4667,-69.4333,54.88,63,83,17.34,PE,1612989272
255,Mednogorsk,51.4128,57.595,4.69,94,100,8.01,RU,1612989272
256,Lata,40.1629,-8.3327,57.99,94,100,5.57,PT,1612989272
257,Brae,60.3964,-1.353,32.0,80,20,8.05,GB,1612989272
258,Altagracia de Orituco,9.8601,-66.3814,80.53,46,38,10.63,VE,1612989272
259,Tuatapere,-46.1333,167.6833,51.66,89,100,14.76,NZ,1612989272
260,Codrington,-38.2667,141.9667,68.22,58,84,8.19,AU,1612989272
261,Porto-Novo,6.4965,2.6036,86.0,79,40,12.66,BJ,1612989273
262,Oktyabr'skoye,43.0645,44.7417,39.2,81,100,4.47,RU,1612989273
263,The Valley,18.217,-63.0578,80.6,69,40,17.27,AI,1612989274
264,Half Moon Bay,37.4636,-122.4286,61.0,76,90,9.22,US,1612989274
265,Pemba,-12.974,40.5178,78.8,94,75,13.8,MZ,1612989274
266,Port Hedland,-20.3167,118.5667,80.6,89,40,5.75,AU,1612989275
267,Tabou,4.423,-7.3528,79.12,86,16,7.43,CI,1612989276
268,Binzhou,37.3667,118.0167,41.0,64,0,5.55,CN,1612989276
269,Ukiah,39.1502,-123.2078,60.8,44,1,3.89,US,1612989277
270,Poddor'ye,57.4695,31.1156,8.83,94,100,6.29,RU,1612989277
271,Kahului,20.8947,-156.47,75.2,60,40,17.27,US,1612989277
272,Rosarito,32.3333,-117.0333,60.8,63,40,9.22,MX,1612989278
273,Andapa,-14.65,49.65,71.19,91,100,0.72,MG,1612989278
274,Lethem,3.3803,-59.7968,91.83,34,26,12.37,GY,1612989278
275,Mount Gambier,-37.8333,140.7667,66.2,63,74,4.61,AU,1612989157
276,Dryden,49.7833,-92.7503,-9.4,54,90,11.5,CA,1612989004
277,Shimoda,34.6667,138.95,37.99,63,0,1.99,JP,1612989279
278,Alofi,-19.0595,-169.9187,82.4,89,75,5.75,NU,1612989279
279,Dingle,10.9995,122.6711,74.68,88,67,1.3,PH,1612989280
280,Rawson,-43.3002,-65.1023,82.44,27,0,29.89,AR,1612989281
281,Srandakan,-7.9386,110.2506,76.96,85,71,3.31,ID,1612989281
282,Alice Springs,-23.7,133.8833,84.2,61,40,9.22,AU,1612989282
283,Mahibadhoo,3.7833,72.9667,80.33,76,37,9.62,MV,1612989282
284,Bubaque,11.2833,-15.8333,77.23,79,48,13.22,GW,1612989282
285,Esperance,-33.8667,121.9,59.0,77,90,11.5,AU,1612989225
286,Jumla,29.2747,82.1838,35.46,72,0,4.72,NP,1612989282
287,Buluang,13.3068,123.3425,74.48,89,5,4.27,PH,1612989283
288,Wonthaggi,-38.6044,145.5913,64.99,90,7,9.04,AU,1612989283
289,Nemyriv,48.9708,28.8378,28.0,88,97,5.03,UA,1612989283
290,San Miguel de Tucumán,-26.8241,-65.2226,77.0,61,40,5.75,AR,1612989154
291,Marivan,35.5219,46.176,44.4,58,55,1.54,IR,1612989284
292,College,64.8569,-147.8028,-4.0,65,90,3.44,US,1612989284
293,Marsaxlokk,35.8419,14.5431,64.0,63,0,11.5,MT,1612989284
294,Parsons,37.3403,-95.2611,19.4,73,90,12.66,US,1612989285
295,Omboué,-1.5746,9.2618,79.56,89,100,3.71,GA,1612989285
296,Lodja,-3.4833,23.4333,75.99,67,100,1.59,CD,1612989285
297,Rexburg,43.826,-111.7897,21.2,73,75,3.44,US,1612989286
298,Auki,-8.7676,160.7034,80.85,82,20,5.68,SB,1612989286
299,Santo Domingo,18.5001,-69.9886,86.0,62,75,11.5,DO,1612989273
300,Calvinia,-31.4707,19.776,76.15,20,4,4.03,ZA,1612989286
301,Kaitangata,-46.2817,169.8464,57.0,54,93,15.01,NZ,1612989286
302,Dakar,14.6937,-17.4441,68.0,73,0,8.05,SN,1612989287
303,Lavrentiya,65.5833,-171.0,-27.26,80,0,10.58,RU,1612989287
304,Coahuayana Viejo,18.7333,-103.6833,80.6,47,40,6.96,MX,1612989287
305,Belvedere Marittimo,39.6179,15.8617,57.0,100,90,12.66,IT,1612989287
306,Ongandjera,-17.8833,15.0667,70.43,79,100,15.03,NA,1612989288
307,Merta,26.65,74.0333,60.19,30,0,5.41,IN,1612989151
308,Suntar,62.1444,117.6319,-4.77,91,100,5.59,RU,1612989288
309,Geraldton,-28.7667,114.6,59.0,82,0,9.22,AU,1612989115
310,Vilyuysk,63.7553,121.6247,-22.18,87,0,4.65,RU,1612989288
311,Mandera,3.9366,41.867,82.99,30,88,7.34,KE,1612989115
312,Chabahar,25.2919,60.643,71.28,49,100,5.41,IR,1612989289
313,La Sarre,48.8002,-79.1996,5.14,91,100,8.12,CA,1612989289
314,Boa Vista,2.8197,-60.6733,89.6,40,75,14.97,BR,1612989266
315,Ixtapa,20.7,-105.2,73.4,73,1,11.5,MX,1612989290
316,Lorengau,-2.0226,147.2712,78.33,88,100,21.36,PG,1612989291
317,Queula,15.3833,73.9667,73.4,78,0,4.61,IN,1612989291
318,Luganville,-15.5333,167.1667,81.41,70,0,0.81,VU,1612989292
319,Villa Unión,23.2,-106.2333,75.99,68,20,9.22,MX,1612989292
320,Tarko-Sale,64.9225,77.785,-24.41,86,100,13.44,RU,1612989292
321,Mariinsk,56.2139,87.7472,-9.83,88,100,8.86,RU,1612989293
322,Porbandar,21.6422,69.6093,66.11,53,100,4.27,IN,1612989293
323,Kibuye,-2.0597,29.3482,68.58,71,100,1.41,RW,1612989293
324,Hermosillo,29.0667,-110.9667,75.99,25,40,4.61,MX,1612989056
325,Yerbogachën,61.2767,108.0108,-8.73,90,100,4.12,RU,1612989293
326,Westport,41.1415,-73.3579,33.01,59,1,9.22,US,1612989294
327,Bocanda,7.0626,-4.4995,84.51,58,17,8.5,CI,1612989294
328,Saint-Joseph,-21.3667,55.6167,80.6,69,0,4.61,RE,1612989295
329,Najrān,17.4924,44.1277,59.0,55,0,2.3,SA,1612989295
330,Gorin,51.1983,136.6669,-4.22,90,91,3.87,RU,1612989295
331,Concarneau,47.875,-3.9225,30.2,64,0,10.36,FR,1612989296
332,Tessalit,20.1986,1.0114,71.64,17,0,9.53,ML,1612989296
333,Lovington,32.944,-103.3485,37.4,100,90,11.5,US,1612989297
334,Marzuq,14.4,46.4667,56.8,38,43,4.03,YE,1612989297
335,Koumac,-20.5667,164.2833,78.48,72,38,9.8,NC,1612989297
336,Tonj,7.2737,28.6822,79.36,20,99,5.48,SS,1612989297
337,Kununurra,-15.7667,128.7333,77.0,78,97,3.13,AU,1612989298
338,Yambio,4.5721,28.3955,75.2,29,100,1.68,SS,1612989299
339,Brownwood,31.7093,-98.9912,30.2,93,75,12.66,US,1612989299
340,Aitape,-3.1374,142.3475,77.74,85,100,3.36,PG,1612989300
341,Alekseyevsk,57.8406,108.3492,-4.02,90,93,1.19,RU,1612989300
342,Tazovsky,67.4667,78.7,-22.58,87,100,8.99,RU,1612989301
343,São João da Barra,-21.6403,-41.0511,82.4,57,0,16.11,BR,1612989301
344,Mossamedes,-15.1961,12.1522,73.67,73,100,6.26,AO,1612989302
345,Norman Wells,65.282,-126.8329,-31.0,68,75,8.12,CA,1612989303
346,Port Lincoln,-34.7333,135.8667,76.73,42,56,10.98,AU,1612989304
347,Caravelas,-17.7125,-39.2481,77.86,74,34,7.02,BR,1612989304
348,Cetraro,39.5166,15.9416,57.0,100,90,12.66,IT,1612989305
349,Petrovskoye,57.0104,39.2693,3.31,94,99,8.57,RU,1612989305
350,Bonthe,7.5264,-12.505,79.5,82,64,8.5,SL,1612989306
351,Pandan,14.0453,124.1694,76.71,86,15,7.49,PH,1612989306
352,Departamento de Maldonado,-34.6667,-54.9167,78.01,78,75,11.5,UY,1612989307
353,Dunedin,-45.8742,170.5036,61.0,47,94,3.0,NZ,1612989145
354,Dongsheng,39.8161,109.9776,32.95,86,72,16.4,CN,1612989307
355,Lydenburg,-25.0978,30.4597,75.0,86,27,1.99,ZA,1612989308
356,Cruzeiro do Sul,-29.5128,-51.9853,82.0,82,85,1.99,BR,1612989309
357,Shīeli,44.1667,66.75,33.03,94,100,6.67,KZ,1612989310
358,Paciran,-6.8767,112.3761,76.96,87,99,8.21,ID,1612989311
359,Hare Bay,48.8499,-54.0148,23.0,80,99,9.22,CA,1612989311
360,Sisimiut,66.9395,-53.6735,14.63,87,0,5.12,GL,1612989311
361,Tiksi,71.6872,128.8694,-12.21,88,100,2.86,RU,1612989312
362,Saldanha,-33.0117,17.9442,66.2,77,0,12.66,ZA,1612989312
363,Sabang,5.8933,95.3214,81.23,78,38,6.53,ID,1612989313
364,Lidköping,58.5052,13.1577,23.0,80,90,14.97,SE,1612989136
365,Killybegs,54.6333,-8.45,32.0,74,0,10.36,IE,1612989313
366,Pangnirtung,66.1451,-65.7125,8.6,61,1,3.44,CA,1612989314
367,Benguela,-12.5763,13.4055,77.18,80,100,7.11,AO,1612989315
368,Taoudenni,22.6783,-3.9836,69.96,19,0,11.1,ML,1612989315
369,Prainha,-1.8,-53.48,81.19,74,100,2.55,BR,1612989315
370,Belyy Yar,53.6039,91.3903,1.4,60,0,8.95,RU,1612989316
371,Kushima,31.4583,131.2333,46.0,65,100,5.01,JP,1612989316
372,Vostok,46.4856,135.8833,-3.96,92,68,4.25,RU,1612989316
373,Portoferraio,42.8115,10.3146,57.0,68,27,3.0,IT,1612989316
374,Río Gallegos,-51.6226,-69.2181,78.8,29,0,10.36,AR,1612989317
375,Ouadda,8.0777,22.4007,68.92,23,97,4.97,CF,1612989317
376,Marawi,7.9986,124.2928,73.99,92,39,5.99,PH,1612989317
377,Goderich,43.7501,-81.7165,17.6,62,98,8.05,CA,1612989318
378,Srednekolymsk,67.45,153.6833,-13.59,89,9,4.7,RU,1612989318
379,Darnah,32.767,22.6367,64.26,39,5,13.4,LY,1612989318
380,Dagda,56.0951,27.5372,6.98,95,100,3.83,LV,1612989318
381,San Ramon,37.7799,-121.978,64.99,51,1,5.75,US,1612989176
382,Mana,5.6592,-53.7767,78.8,75,77,9.55,GF,1612989319
383,Saskatoon,52.1168,-106.6345,-13.0,58,75,11.5,CA,1612989055
384,Djibo,14.1022,-1.6306,80.01,14,0,8.55,BF,1612989319
385,Adrar,20.5022,-10.0711,68.72,19,26,9.89,MR,1612989319
386,Toamasina,-18.1667,49.3833,77.0,94,75,9.22,MG,1612989319
387,Grootfontein,-19.5667,18.1167,64.35,95,100,9.04,NA,1612989320
388,Verkhnyaya Inta,65.9811,60.3094,-18.92,88,100,6.73,RU,1612989320
389,Forestville,38.8451,-76.875,43.0,60,90,8.05,US,1612989320
390,Ternate,0.8,127.4,80.65,81,100,5.82,ID,1612989320
391,Gigmoto,13.7796,124.39,77.86,85,41,9.53,PH,1612989321
392,Bom Jesus,-9.0744,-44.3586,78.91,82,84,2.1,BR,1612989321
393,Jaguarão,-32.5661,-53.3758,75.87,76,90,13.53,BR,1612989321
394,Sibolga,1.7427,98.7792,76.75,84,83,3.6,ID,1612989322
395,Mahébourg,-20.4081,57.7,78.8,78,75,11.5,MU,1612989322
396,Tahara,34.6667,137.2667,42.01,80,0,1.01,JP,1612989161
397,Flinders,-34.5833,150.8552,63.0,87,5,1.01,AU,1612989323
398,Longyearbyen,78.2186,15.6401,10.4,72,90,21.85,SJ,1612989323
399,Te Anau,-45.4167,167.7167,50.18,86,100,8.25,NZ,1612989323
400,Ndélé,8.4109,20.6473,72.81,20,66,3.85,CF,1612989323
401,Eldorado,-23.7869,-54.2836,78.6,77,97,3.56,BR,1612989324
402,Arlit,18.7369,7.3853,75.61,15,30,8.03,NE,1612989324
403,Nyimba,-14.5566,30.8149,69.66,94,99,3.49,ZM,1612989324
404,Zyryanka,65.75,150.85,-18.24,87,65,4.88,RU,1612989325
405,Wah,33.798,72.6957,54.0,67,0,3.44,PK,1612989280
406,Buraidah,26.326,43.975,59.0,77,0,2.3,SA,1612989325
407,Mozarlândia,-14.7447,-50.5706,81.46,78,96,3.27,BR,1612989326
408,Khorol,49.7837,33.2783,14.81,97,100,6.13,UA,1612989326
409,Puerto Maldonado,-12.6,-69.1833,71.6,100,90,9.22,PE,1612989326
410,Stokmarknes,68.5646,14.9108,24.8,93,20,5.75,NO,1612989326
411,Clyde River,70.4692,-68.5914,6.8,92,0,43.73,CA,1612989327
412,Juneau,58.3019,-134.4197,14.0,37,20,5.75,US,1612989077
413,Port Augusta,-32.5,137.7667,66.2,48,0,5.75,AU,1612989327
414,Bathsheba,13.2167,-59.5167,82.4,57,40,21.85,BB,1612989327
415,Cockburn Town,21.4612,-71.1419,80.6,65,40,10.36,TC,1612989328
416,Christchurch,-43.5333,172.6333,66.0,32,0,12.66,NZ,1612989206
417,Kigorobya,1.6162,31.3089,76.06,48,91,3.74,UG,1612989329
418,Cafarnaum,-11.6936,-41.4683,76.6,64,40,8.08,BR,1612989329
419,Olafsvik,64.8945,-23.7142,37.36,80,100,16.6,IS,1612989330
420,Berezovyy,51.6667,135.7,0.48,84,50,4.59,RU,1612989330
421,Dubbo,-32.25,148.6167,60.8,82,0,10.36,AU,1612989069
422,Hattiesburg,31.3271,-89.2903,75.2,57,75,5.75,US,1612989066
423,Awjilah,29.1081,21.2869,59.7,29,0,7.23,LY,1612989331
424,Necochea,-38.5473,-58.7368,71.01,69,27,8.01,AR,1612989332
425,Kurchum,48.5722,83.6542,0.1,84,97,1.34,KZ,1612989332
426,Raja,8.4596,25.678,70.56,22,100,4.43,SS,1612989332
427,Serenje,-13.2325,30.2352,64.54,97,100,2.15,ZM,1612989332
428,Ugoofaaru,5.6667,73.0,80.91,64,28,5.59,MV,1612989333
429,Gamba,-2.65,10.0,79.12,89,98,1.99,GA,1612989334
430,Sungai Penuh,-2.0833,101.3833,64.06,82,92,2.21,ID,1612989335
431,Saulkrasti,57.2622,24.4147,12.2,85,90,8.05,LV,1612989335
432,Giyani,-23.3025,30.7187,73.63,79,5,8.68,ZA,1612989336
433,Vilcún,-38.65,-72.2333,87.8,48,0,14.97,CL,1612989336
434,Lagoa,39.05,-27.9833,58.15,64,86,36.26,PT,1612989336
435,Margate,51.3813,1.3862,34.0,81,98,1.01,GB,1612989336
436,Ciudad Darío,12.7314,-86.124,77.0,57,40,11.5,NI,1612989336
437,‘Āhuimanu,21.4447,-157.8378,73.4,49,75,6.91,US,1612989337
438,Salinópolis,-0.6136,-47.3561,79.23,86,100,9.84,BR,1612989234
439,Camargo,27.6667,-105.1667,80.91,14,0,15.19,MX,1612989337
440,Inírida,3.8653,-67.9239,85.53,70,83,3.42,CO,1612989337
441,Mananjary,-21.2167,48.3333,76.06,86,100,3.44,MG,1612989338
442,Sinnamary,5.3833,-52.95,78.26,78,98,11.03,GF,1612989338
443,Kananga,-5.8958,22.4178,71.98,86,100,3.0,CD,1612989338
444,Ust'-Karsk,52.7011,118.8077,10.17,93,100,0.72,RU,1612989338
445,Lakes Entrance,-37.8811,147.981,57.99,95,0,4.14,AU,1612989339
446,Cairns,-16.9167,145.7667,77.0,94,75,2.3,AU,1612989212
447,Aswān,24.0934,32.907,68.9,38,54,7.9,EG,1612989339
448,Esim,4.8699,-2.2405,80.73,83,25,9.22,GH,1612989341
449,Rincon,32.296,-81.2354,64.4,88,90,8.05,US,1612989341
450,Terrell,32.736,-96.2753,33.01,93,90,10.36,US,1612989342
451,Bereket,39.2446,55.5154,48.69,54,0,13.58,TM,1612989342
452,Sept-Îles,50.2001,-66.3821,14.0,37,20,23.02,CA,1612989298
453,Oodweyne,9.4092,45.064,64.09,31,71,12.19,SO,1612989343
454,Kieta,-6.2167,155.6333,80.13,84,80,9.6,PG,1612989343
455,Sabha,27.0377,14.4283,63.79,26,0,8.57,LY,1612989344
456,Kloulklubed,7.0419,134.2556,80.6,83,75,6.91,PW,1612989344
457,Kodinsk,58.6881,99.1844,-7.82,89,89,3.76,RU,1612989302
458,Pacific Grove,36.6177,-121.9166,57.99,76,20,6.91,US,1612989176
459,Brigantine,39.4101,-74.3646,37.4,44,1,4.61,US,1612989344
460,Alice Town,25.7167,-79.3,74.53,80,100,9.17,BS,1612989345
461,San Patricio,28.017,-97.5169,78.8,78,75,9.22,US,1612989345
462,Lompoc,34.6391,-120.4579,62.6,67,1,18.41,US,1612989330
463,Quatre Cocos,-20.2078,57.7625,78.8,78,75,11.5,MU,1612989346
464,Athabasca,54.7169,-113.2854,-16.6,58,100,12.66,CA,1612989346
465,Bongaree,-27.0797,153.1586,68.0,88,69,1.99,AU,1612989347
466,Niksar,40.5917,36.9517,49.93,58,0,6.46,TR,1612989347
467,Maibong,25.3,93.1667,58.08,42,1,2.01,IN,1612989348
468,Rome,34.257,-85.1647,69.8,46,1,6.91,US,1612989348
469,Khani,41.9563,42.9566,48.2,76,0,2.3,GE,1612989349
470,Menongue,-14.6585,17.691,63.93,74,100,1.79,AO,1612989349
471,Ashquelon,31.6693,34.5715,61.0,100,0,7.02,IL,1612989059
472,Shelburne,44.0787,-80.2041,21.99,73,100,10.09,CA,1612989349
473,Campana,-34.1687,-58.9591,80.01,73,20,14.97,AR,1612989350
474,Porto Santo,33.072,-16.3415,62.6,94,75,4.61,PT,1612989350
475,Husavik,66.0449,-17.3389,15.8,92,90,3.44,IS,1612989350
476,Serpa,37.9458,-7.5975,57.2,100,90,11.5,PT,1612989350
477,Lucea,18.451,-78.1736,82.99,74,40,20.71,JM,1612989351
478,Zaraza,9.3503,-65.3245,86.85,40,45,12.77,VE,1612989352
479,San Quintín,30.4833,-115.95,59.41,63,9,16.08,MX,1612989352
480,Conde,-7.2597,-34.9075,84.2,70,75,13.8,BR,1612989352
481,Touros,-5.1989,-35.4608,84.2,70,40,13.8,BR,1612989352
482,Severo-Kuril'sk,50.6789,156.125,24.51,88,100,2.21,RU,1612989352
483,Hohhot,40.8106,111.6522,19.4,49,0,2.24,CN,1612989353
484,Camabatela,-8.1881,15.375,63.16,99,97,1.66,AO,1612989353
485,Jinxiang,27.4327,120.6062,53.02,92,100,18.41,CN,1612989353
486,Noyabrsk,63.1994,75.4507,-20.18,86,100,14.43,RU,1612989354
487,Bahía Blanca,-38.7196,-62.2724,82.33,29,0,13.44,AR,1612989354
488,Eyrarbakki,63.863,-21.1481,35.6,80,40,11.5,IS,1612989354
489,Terrace Bay,48.7834,-87.1,-0.4,55,75,4.61,CA,1612989355
490,Cayenne,4.9333,-52.3333,75.2,100,75,6.91,GF,1612989355
491,Tyrma,50.0833,132.1667,-5.75,89,98,0.47,RU,1612989355
492,Viedma,-40.8135,-62.9967,82.99,40,24,21.7,AR,1612989355
493,Samut Prakan,13.5,100.45,77.0,66,1,3.29,TH,1612989355
494,Sulangan,11.1373,123.7228,80.71,78,93,3.62,PH,1612989356
495,Iskateley,67.6803,53.1512,-9.56,90,100,5.28,RU,1612989356
496,At-Bashi,41.1702,75.8106,22.3,86,98,1.05,KG,1612989356
497,Ratnagiri,16.9833,73.3,72.32,41,26,4.81,IN,1612989357
498,Merrill,45.1805,-89.6835,5.0,51,75,8.05,US,1612989357
499,Shakhtinsk,49.71,72.5872,-9.4,77,0,6.71,KZ,1612989357
500,Plettenberg Bay,-34.0527,23.3716,67.51,92,26,1.59,ZA,1612989357
501,Paamiut,61.994,-49.6678,21.36,82,48,5.28,GL,1612989357
502,Pochutla,15.7432,-96.4661,89.01,51,40,11.5,MX,1612989358
503,Abong Mbang,3.9833,13.1833,74.14,50,100,3.09,CM,1612989358
504,Nianzishan,47.5167,122.8833,13.6,94,100,3.51,CN,1612989358
505,Taunggyi,20.7833,97.0333,50.74,66,0,2.13,MM,1612989187
506,La Palma,33.8464,-118.0467,62.01,55,90,9.22,US,1612989358
507,Jutaí,-5.1833,-68.9,83.68,82,100,1.74,BR,1612989359
508,Mareeba,-17.0,145.4333,77.0,94,75,2.3,AU,1612989359
509,Verāval,20.9,70.3667,70.11,46,100,10.2,IN,1612989359
510,Rodrigues Alves,-7.738,-72.6509,91.4,66,40,4.61,BR,1612989359
511,Jijiga,9.35,42.8,56.53,39,30,9.13,ET,1612989359
512,Buba,11.5833,-15.0,72.54,72,49,5.77,GW,1612989360
513,San Roque,36.2107,-5.3842,62.6,77,40,18.41,ES,1612989360
514,Leer,8.3018,30.1418,80.76,22,77,4.18,SS,1612989361
515,Avera,33.194,-82.5271,71.6,73,90,8.05,US,1612989361
516,Senanga,-16.1167,23.2667,68.54,95,100,5.23,ZM,1612989361
517,Islamkot,24.6997,70.177,65.39,25,30,7.47,PK,1612989361
518,Methóni,36.8197,21.7049,57.0,93,25,3.44,GR,1612989362
519,Beringovskiy,63.05,179.3167,-21.12,87,89,13.02,RU,1612989362
520,Yarmouth,41.7057,-70.2286,30.99,51,1,6.91,US,1612989362
521,Taltal,-25.4,-70.4833,68.72,67,35,4.9,CL,1612989363
522,Makakilo City,21.3469,-158.0858,75.2,46,1,4.61,US,1612989363
523,Haines Junction,60.7522,-137.5108,-27.4,51,6,1.14,CA,1612989363
524,Komatipoort,-25.4332,31.9548,75.99,83,0,4.18,ZA,1612989364
525,San Angelo,31.4638,-100.437,33.8,86,90,9.22,US,1612989339
526,Kashan,33.9831,51.4364,57.33,36,100,0.81,IR,1612989364
527,Ivybridge,50.3904,-3.9191,35.01,68,93,7.0,GB,1612989364
528,Kuloy,61.0305,42.4925,-8.34,89,85,3.4,RU,1612989364
529,Chipinge,-20.1883,32.6236,64.18,99,95,3.47,ZW,1612989364
530,Daye,30.0833,114.95,50.54,90,100,2.44,CN,1612989365
531,Rovaniemi,66.5,25.7167,-4.0,84,90,2.3,FI,1612989365
532,Bonavista,48.6499,-53.1147,28.0,80,99,9.22,CA,1612989366
533,Fairbanks,64.8378,-147.7164,-2.0,71,90,2.84,US,1612989366
534,Fuling,29.7022,107.3919,55.29,69,70,2.66,CN,1612989367
535,Itoman,26.1247,127.6694,64.4,88,75,17.27,JP,1612989367
536,Calama,-22.4667,-68.9333,73.4,27,20,26.46,CL,1612989247
537,Amoy,24.4798,118.0819,59.0,88,90,8.95,CN,1612989368
538,Antofagasta,-23.65,-70.4,71.6,68,20,13.8,CL,1612989368
539,Velika Gorica,45.7125,16.0756,44.6,93,75,4.61,HR,1612989369
540,Carutapera,-1.195,-46.02,81.03,77,100,7.76,BR,1612989369
541,La Ronge,55.1001,-105.2842,-20.2,63,100,4.61,CA,1612989369
542,Montague,42.5356,-72.5351,27.0,55,99,1.99,US,1612989369
543,Liverpool,53.4106,-2.9779,30.0,86,0,6.91,GB,1612989145
544,Kajaani,64.2273,27.7285,-9.4,77,90,3.44,FI,1612989369
545,Itarema,-2.9248,-39.9167,81.09,77,88,12.71,BR,1612989370
546,Poum,-20.2333,164.0167,78.8,74,32,14.54,NC,1612989370
547,Camacha,33.0833,-16.3333,62.6,94,75,4.61,PT,1612989369
548,Lucapa,-8.4192,20.7447,66.79,95,38,2.46,AO,1612989370
549,Hachinohe,40.5,141.5,34.0,49,50,3.0,JP,1612989371
550,Sørland,67.667,12.6934,19.4,86,40,3.44,NO,1612989371
551,Ābyek,36.0667,50.55,51.8,32,75,4.61,IR,1612989371
552,Orlik,52.5178,99.825,-2.79,83,100,1.12,RU,1612989371
553,Coyhaique,-45.5752,-72.0662,91.4,24,0,10.36,CL,1612989276
554,Manaure,11.7751,-72.4445,85.89,49,0,17.83,CO,1612989372
555,Valle de Allende,26.9333,-105.4,76.82,16,0,6.49,MX,1612989372
556,General Pico,-35.6566,-63.7568,83.37,33,47,9.48,AR,1612989372
557,San Joaquin,37.9333,-121.3011,64.0,59,1,10.36,US,1612989373
558,Tecolutla,20.4833,-97.0167,82.4,65,40,11.5,MX,1612989373
559,Graham,47.0529,-122.2943,41.0,75,90,5.59,US,1612989373
560,Oxford,51.7522,-1.256,28.0,86,20,6.91,GB,1612989373
561,Manjeshwar,12.7194,74.8861,73.4,83,82,3.44,IN,1612989373
562,Caucayá,-0.1934,-74.7819,93.11,43,100,4.47,CO,1612989374
563,Noumea,-22.2763,166.4572,79.0,94,75,2.3,NC,1612989199
564,Khovd,48.0056,91.6419,11.62,56,61,9.53,MN,1612989374
565,La Rioja,42.25,-2.5,44.6,76,0,3.44,ES,1612989374
566,Havre-St-Pierre,50.2334,-63.5986,12.2,48,1,16.11,CA,1612989374
567,Virginia Beach,36.8529,-75.978,43.0,74,98,1.99,US,1612989277
568,Llanes,43.4198,-4.7549,53.01,86,100,1.01,ES,1612989375
569,Guerrero Negro,27.9769,-114.0611,61.14,60,83,17.6,MX,1612989375
570,Daşoguz,41.8363,59.9666,30.2,74,0,6.91,TM,1612989143
571,Kidal,18.4411,1.4078,74.7,16,18,7.81,ML,1612989375
572,Stromness,58.965,-3.296,33.8,80,75,5.75,GB,1612989375
573,Kinnelon,41.0018,-74.3671,35.6,35,1,5.06,US,1612989375
574,St. George's,12.0564,-61.7485,78.8,69,40,17.27,GD,1612989375
